segment,priority,why_they_fit,best_services,example_company,notes
"B2B SaaS and AI SaaS","First Wave","Lean teams with real growth pressure and clear need for content, distribution, and launch support","Content Marketing; SEO Content; Product and Launch Marketing; Social and LinkedIn Execution; Marketing Ops and Reporting","GIS Cloud","Strong sample target from final output"
"B2B SaaS and AI SaaS","First Wave","Lean teams with real growth pressure and clear need for content, distribution, and launch support","Content Marketing; SEO Content; Product and Launch Marketing; Social and LinkedIn Execution; Marketing Ops and Reporting","Mage","Strong sample target from final output"
"B2B SaaS and AI SaaS","First Wave","Lean teams with real growth pressure and clear need for content, distribution, and launch support","Content Marketing; SEO Content; Product and Launch Marketing; Social and LinkedIn Execution; Marketing Ops and Reporting","Gumloop","Strong sample target from final output"
"B2B SaaS and AI SaaS","First Wave","Lean teams with real growth pressure and clear need for content, distribution, and launch support","Content Marketing; SEO Content; Product and Launch Marketing; Social and LinkedIn Execution; Marketing Ops and Reporting","Hatica","Strong sample target from final output"
"B2B SaaS and AI SaaS","First Wave","Lean teams with real growth pressure and clear need for content, distribution, and launch support","Content Marketing; SEO Content; Product and Launch Marketing; Social and LinkedIn Execution; Marketing Ops and Reporting","Anyword","Strong sample target from final output"
"B2B SaaS and AI SaaS","First Wave","Lean teams with real growth pressure and clear need for content, distribution, and launch support","Content Marketing; SEO Content; Product and Launch Marketing; Social and LinkedIn Execution; Marketing Ops and Reporting","Etleap","Strong sample target from final output"
"B2B SaaS and AI SaaS","First Wave","Lean teams with real growth pressure and clear need for content, distribution, and launch support","Content Marketing; SEO Content; Product and Launch Marketing; Social and LinkedIn Execution; Marketing Ops and Reporting","Datatron","Strong sample target from final output"
"B2B SaaS and AI SaaS","First Wave","Lean teams with real growth pressure and clear need for content, distribution, and launch support","Content Marketing; SEO Content; Product and Launch Marketing; Social and LinkedIn Execution; Marketing Ops and Reporting","Cypris","Strong sample target from final output"
"B2B SaaS and AI SaaS","First Wave","Lean teams with real growth pressure and clear need for content, distribution, and launch support","Content Marketing; SEO Content; Product and Launch Marketing; Social and LinkedIn Execution; Marketing Ops and Reporting","Cleanlab","Strong sample target from final output"
"B2B SaaS and AI SaaS","First Wave","Lean teams with real growth pressure and clear need for content, distribution, and launch support","Content Marketing; SEO Content; Product and Launch Marketing; Social and LinkedIn Execution; Marketing Ops and Reporting","Reflex","Strong sample target from final output"
"B2B SaaS and AI SaaS","First Wave","Lean teams with real growth pressure and clear need for content, distribution, and launch support","Content Marketing; SEO Content; Product and Launch Marketing; Social and LinkedIn Execution; Marketing Ops and Reporting","Peakflo","Strong sample target from final output"
"B2B SaaS and AI SaaS","First Wave","Lean teams with real growth pressure and clear need for content, distribution, and launch support","Content Marketing; SEO Content; Product and Launch Marketing; Social and LinkedIn Execution; Marketing Ops and Reporting","Thread","Strong sample target from final output"
"Revenue, Sales, and Customer-Facing Software","First Wave","Easy to connect content and campaign execution to pipeline, customer acquisition, and revenue","Content Marketing; SEO Content; LinkedIn and Social Execution; Webinar and Launch Support; Reporting Support","Emitrr","Strong commercial fit"
"Revenue, Sales, and Customer-Facing Software","First Wave","Easy to connect content and campaign execution to pipeline, customer acquisition, and revenue","Content Marketing; SEO Content; LinkedIn and Social Execution; Webinar and Launch Support; Reporting Support","Sequence","Strong commercial fit"
"Revenue, Sales, and Customer-Facing Software","First Wave","Easy to connect content and campaign execution to pipeline, customer acquisition, and revenue","Content Marketing; SEO Content; LinkedIn and Social Execution; Webinar and Launch Support; Reporting Support","MonetizeNow","Strong commercial fit"
"Revenue, Sales, and Customer-Facing Software","First Wave","Easy to connect content and campaign execution to pipeline, customer acquisition, and revenue","Content Marketing; SEO Content; LinkedIn and Social Execution; Webinar and Launch Support; Reporting Support","Whippy","Strong commercial fit"
"Revenue, Sales, and Customer-Facing Software","First Wave","Easy to connect content and campaign execution to pipeline, customer acquisition, and revenue","Content Marketing; SEO Content; LinkedIn and Social Execution; Webinar and Launch Support; Reporting Support","Kasisto","Strong commercial fit"
"Revenue, Sales, and Customer-Facing Software","First Wave","Easy to connect content and campaign execution to pipeline, customer acquisition, and revenue","Content Marketing; SEO Content; LinkedIn and Social Execution; Webinar and Launch Support; Reporting Support","CaliberMind","Strong commercial fit"
"Revenue, Sales, and Customer-Facing Software","First Wave","Easy to connect content and campaign execution to pipeline, customer acquisition, and revenue","Content Marketing; SEO Content; LinkedIn and Social Execution; Webinar and Launch Support; Reporting Support","Gleantap","Strong commercial fit"
"Workflow, Ops, and Automation Software","Second Wave","Technical products that need clearer messaging and stronger launch follow-through","Product and Launch Marketing; Content Marketing; SEO Content; Reporting and Ops Support","Tuebora","Good fit when GTM motion is visible"
"Workflow, Ops, and Automation Software","Second Wave","Technical products that need clearer messaging and stronger launch follow-through","Product and Launch Marketing; Content Marketing; SEO Content; Reporting and Ops Support","CloudQuery","Good fit when GTM motion is visible"
"Workflow, Ops, and Automation Software","Second Wave","Technical products that need clearer messaging and stronger launch follow-through","Product and Launch Marketing; Content Marketing; SEO Content; Reporting and Ops Support","Project Insight","Good fit when GTM motion is visible"
"Workflow, Ops, and Automation Software","Second Wave","Technical products that need clearer messaging and stronger launch follow-through","Product and Launch Marketing; Content Marketing; SEO Content; Reporting and Ops Support","Flexxbotics","Good fit when GTM motion is visible"
"Workflow, Ops, and Automation Software","Second Wave","Technical products that need clearer messaging and stronger launch follow-through","Product and Launch Marketing; Content Marketing; SEO Content; Reporting and Ops Support","Pliant","Good fit when GTM motion is visible"
"Workflow, Ops, and Automation Software","Second Wave","Technical products that need clearer messaging and stronger launch follow-through","Product and Launch Marketing; Content Marketing; SEO Content; Reporting and Ops Support","Vivantio","Good fit when GTM motion is visible"
"Analytics, Data, and Technical Infrastructure Software","First Wave","Technical products often need stronger market translation, product-led SEO, and thought-leadership support","Content Marketing; SEO Content; Product Marketing; LinkedIn Support; Reporting Support","Novi Labs","Strong technical-software fit"
"Analytics, Data, and Technical Infrastructure Software","First Wave","Technical products often need stronger market translation, product-led SEO, and thought-leadership support","Content Marketing; SEO Content; Product Marketing; LinkedIn Support; Reporting Support","Datatron","Strong technical-software fit"
"Analytics, Data, and Technical Infrastructure Software","First Wave","Technical products often need stronger market translation, product-led SEO, and thought-leadership support","Content Marketing; SEO Content; Product Marketing; LinkedIn Support; Reporting Support","QC Ware","Strong technical-software fit"
"Analytics, Data, and Technical Infrastructure Software","First Wave","Technical products often need stronger market translation, product-led SEO, and thought-leadership support","Content Marketing; SEO Content; Product Marketing; LinkedIn Support; Reporting Support","MergerWare","Strong technical-software fit"
"Analytics, Data, and Technical Infrastructure Software","First Wave","Technical products often need stronger market translation, product-led SEO, and thought-leadership support","Content Marketing; SEO Content; Product Marketing; LinkedIn Support; Reporting Support","CausalFunnel","Strong technical-software fit"
"Analytics, Data, and Technical Infrastructure Software","First Wave","Technical products often need stronger market translation, product-led SEO, and thought-leadership support","Content Marketing; SEO Content; Product Marketing; LinkedIn Support; Reporting Support","Evervault","Strong technical-software fit"
"Best First-Wave Companies","First Wave","Best sample companies from the final output that align well with agency services and lean-team execution needs","Content Marketing; SEO Content; Social and LinkedIn Execution; Product and Launch Marketing; Marketing Ops and Reporting","GIS Cloud","First-wave shortlist"
"Best First-Wave Companies","First Wave","Best sample companies from the final output that align well with agency services and lean-team execution needs","Content Marketing; SEO Content; Social and LinkedIn Execution; Product and Launch Marketing; Marketing Ops and Reporting","Mage","First-wave shortlist"
"Best First-Wave Companies","First Wave","Best sample companies from the final output that align well with agency services and lean-team execution needs","Content Marketing; SEO Content; Social and LinkedIn Execution; Product and Launch Marketing; Marketing Ops and Reporting","Gumloop","First-wave shortlist"
"Best First-Wave Companies","First Wave","Best sample companies from the final output that align well with agency services and lean-team execution needs","Content Marketing; SEO Content; Social and LinkedIn Execution; Product and Launch Marketing; Marketing Ops and Reporting","Hatica","First-wave shortlist"
"Best First-Wave Companies","First Wave","Best sample companies from the final output that align well with agency services and lean-team execution needs","Content Marketing; SEO Content; Social and LinkedIn Execution; Product and Launch Marketing; Marketing Ops and Reporting","Anyword","First-wave shortlist"
"Best First-Wave Companies","First Wave","Best sample companies from the final output that align well with agency services and lean-team execution needs","Content Marketing; SEO Content; Social and LinkedIn Execution; Product and Launch Marketing; Marketing Ops and Reporting","Cypris","First-wave shortlist"
"Best First-Wave Companies","First Wave","Best sample companies from the final output that align well with agency services and lean-team execution needs","Content Marketing; SEO Content; Social and LinkedIn Execution; Product and Launch Marketing; Marketing Ops and Reporting","Cleanlab","First-wave shortlist"
"Best First-Wave Companies","First Wave","Best sample companies from the final output that align well with agency services and lean-team execution needs","Content Marketing; SEO Content; Social and LinkedIn Execution; Product and Launch Marketing; Marketing Ops and Reporting","Reflex","First-wave shortlist"
"Best First-Wave Companies","First Wave","Best sample companies from the final output that align well with agency services and lean-team execution needs","Content Marketing; SEO Content; Social and LinkedIn Execution; Product and Launch Marketing; Marketing Ops and Reporting","Peakflo","First-wave shortlist"
"Best First-Wave Companies","First Wave","Best sample companies from the final output that align well with agency services and lean-team execution needs","Content Marketing; SEO Content; Social and LinkedIn Execution; Product and Launch Marketing; Marketing Ops and Reporting","Thread","First-wave shortlist"
"Best First-Wave Companies","First Wave","Best sample companies from the final output that align well with agency services and lean-team execution needs","Content Marketing; SEO Content; Social and LinkedIn Execution; Product and Launch Marketing; Marketing Ops and Reporting","Emitrr","First-wave shortlist"
"Best First-Wave Companies","First Wave","Best sample companies from the final output that align well with agency services and lean-team execution needs","Content Marketing; SEO Content; Social and LinkedIn Execution; Product and Launch Marketing; Marketing Ops and Reporting","Sequence","First-wave shortlist"
"Best First-Wave Companies","First Wave","Best sample companies from the final output that align well with agency services and lean-team execution needs","Content Marketing; SEO Content; Social and LinkedIn Execution; Product and Launch Marketing; Marketing Ops and Reporting","MonetizeNow","First-wave shortlist"
"Best First-Wave Companies","First Wave","Best sample companies from the final output that align well with agency services and lean-team execution needs","Content Marketing; SEO Content; Social and LinkedIn Execution; Product and Launch Marketing; Marketing Ops and Reporting","Gleantap","First-wave shortlist"
"Best First-Wave Companies","First Wave","Best sample companies from the final output that align well with agency services and lean-team execution needs","Content Marketing; SEO Content; Social and LinkedIn Execution; Product and Launch Marketing; Marketing Ops and Reporting","CaliberMind","First-wave shortlist"
"Best First-Wave Companies","First Wave","Best sample companies from the final output that align well with agency services and lean-team execution needs","Content Marketing; SEO Content; Social and LinkedIn Execution; Product and Launch Marketing; Marketing Ops and Reporting","Evervault","First-wave shortlist"
"Best First-Wave Companies","First Wave","Best sample companies from the final output that align well with agency services and lean-team execution needs","Content Marketing; SEO Content; Social and LinkedIn Execution; Product and Launch Marketing; Marketing Ops and Reporting","Etleap","First-wave shortlist"
"Best First-Wave Companies","First Wave","Best sample companies from the final output that align well with agency services and lean-team execution needs","Content Marketing; SEO Content; Social and LinkedIn Execution; Product and Launch Marketing; Marketing Ops and Reporting","Datatron","First-wave shortlist"
"Best First-Wave Companies","First Wave","Best sample companies from the final output that align well with agency services and lean-team execution needs","Content Marketing; SEO Content; Social and LinkedIn Execution; Product and Launch Marketing; Marketing Ops and Reporting","MergerWare","First-wave shortlist"
"Best First-Wave Companies","First Wave","Best sample companies from the final output that align well with agency services and lean-team execution needs","Content Marketing; SEO Content; Social and LinkedIn Execution; Product and Launch Marketing; Marketing Ops and Reporting","QC Ware","First-wave shortlist"
